{
  "mean": [
    0.10746835443037976,
    15.379578059071733,
    0.1236708860759494,
    6.137130801687762
  ],
  "scale": [
    0.038924410824720194,
    8.846467400944531,
    0.06646296926244805,
    1.203351944662135
  ],
  "feature_names": [
    "n",
    "p",
    "k",
    "ph"
  ]
}